{"cameraMode":{"drawMode":0,"name":"Shaded","section":"Shading Mode"},"sceneLighting":false,"audioPlay":false,"sceneViewState":{"showFog":false,"showMaterialUpdate":false,"showSkybox":false,"showFlares":false,"showImageEffects":false,"showParticleSystems":false},"in2DMode":false,"pivot":{"x":0.06769561767578125,"y":3.85739803314209,"z":-0.14736557006835938},"rotation":{"x":0.017383303493261339,"y":-0.9453124403953552,"z":0.32250311970710757,"w":0.04892473667860031},"size":14.52180290222168,"orthographic":false}