{"cameraMode":{"drawMode":0,"name":"Shaded","section":"Shading Mode"},"sceneLighting":false,"audioPlay":false,"sceneViewState":{"showFog":false,"showMaterialUpdate":false,"showSkybox":false,"showFlares":false,"showImageEffects":false,"showParticleSystems":false},"in2DMode":false,"pivot":{"x":-41.61000061035156,"y":54.400001525878909,"z":87.69999694824219},"rotation":{"x":-0.3813573122024536,"y":-0.0030325555708259346,"z":0.0005866848514415324,"w":-0.924556314945221},"size":35.85544967651367,"orthographic":false}