{"cameraMode":{"drawMode":0,"name":"Shaded","section":"Shading Mode"},"sceneLighting":false,"audioPlay":false,"sceneViewState":{"showFog":false,"showMaterialUpdate":false,"showSkybox":false,"showFlares":false,"showImageEffects":false,"showParticleSystems":false},"in2DMode":false,"pivot":{"x":-1.3700008392333985,"y":12.10000228881836,"z":22.90999412536621},"rotation":{"x":0.5031226277351379,"y":-0.4586634933948517,"z":0.3569295406341553,"w":0.6401281952857971},"size":71.98826599121094,"orthographic":false}