{"cameraMode":{"drawMode":0,"name":"Shaded","section":"Shading Mode"},"sceneLighting":false,"audioPlay":false,"sceneViewState":{"showFog":false,"showMaterialUpdate":false,"showSkybox":false,"showFlares":false,"showImageEffects":false,"showParticleSystems":false},"in2DMode":false,"pivot":{"x":-0.23868083953857423,"y":7.376432418823242,"z":-0.9133410453796387},"rotation":{"x":-0.05719789117574692,"y":-0.9274380207061768,"z":0.16062617301940919,"w":-0.3333674967288971},"size":24.21188735961914,"orthographic":false}