{"cameraMode":{"drawMode":0,"name":"Shaded","section":"Shading Mode"},"sceneLighting":true,"audioPlay":false,"sceneViewState":{"showFog":false,"showMaterialUpdate":false,"showSkybox":false,"showFlares":false,"showImageEffects":false,"showParticleSystems":false},"in2DMode":false,"pivot":{"x":-7.199927806854248,"y":16.23587989807129,"z":22.436996459960939},"rotation":{"x":-0.04071220010519028,"y":-0.9528515338897705,"z":0.26485535502433779,"w":-0.14410342276096345},"size":7.21012020111084,"orthographic":false}