{"cameraMode":{"drawMode":0,"name":"Shaded","section":"Shading Mode"},"sceneLighting":false,"audioPlay":false,"sceneViewState":{"showFog":false,"showMaterialUpdate":false,"showSkybox":false,"showFlares":false,"showImageEffects":false,"showParticleSystems":false},"in2DMode":false,"pivot":{"x":312.94000244140627,"y":22.959999084472658,"z":164.9600067138672},"rotation":{"x":0.38303592801094057,"y":-0.15407869219779969,"z":0.06496672332286835,"w":0.9084986448287964},"size":22.896984100341798,"orthographic":false}