{"cameraMode":{"drawMode":0,"name":"Shaded","section":"Shading Mode"},"sceneLighting":false,"audioPlay":false,"sceneViewState":{"showFog":false,"showMaterialUpdate":false,"showSkybox":false,"showFlares":false,"showImageEffects":false,"showParticleSystems":false},"in2DMode":false,"pivot":{"x":309.9261169433594,"y":31.87118148803711,"z":157.86724853515626},"rotation":{"x":0.1495877355337143,"y":0.23199719190597535,"z":-0.03613770380616188,"w":0.9604932069778442},"size":2.857882022857666,"orthographic":false}