{"cameraMode":{"drawMode":0,"name":"Shaded","section":"Shading Mode"},"sceneLighting":false,"audioPlay":false,"sceneViewState":{"showFog":false,"showMaterialUpdate":false,"showSkybox":false,"showFlares":false,"showImageEffects":false,"showParticleSystems":false},"in2DMode":false,"pivot":{"x":-8.670001029968262,"y":12.10000228881836,"z":15.709996223449707},"rotation":{"x":0.017225906252861024,"y":0.8990045785903931,"z":-0.4362778961658478,"w":0.03558843210339546},"size":33.83586502075195,"orthographic":false}