{"cameraMode":{"drawMode":0,"name":"Shaded","section":"Shading Mode"},"sceneLighting":false,"audioPlay":false,"sceneViewState":{"showFog":true,"showMaterialUpdate":true,"showSkybox":false,"showFlares":true,"showImageEffects":true,"showParticleSystems":true},"in2DMode":false,"pivot":{"x":1.7791051864624024,"y":10.710988998413086,"z":-0.13797473907470704},"rotation":{"x":0.02382800541818142,"y":0.10924319177865982,"z":-0.0028738859109580518,"w":0.9938103556632996},"size":22.0,"orthographic":false}